{"Losses/train_all_loss": 1.0828271756853376, "Losses/train_all_loss_mask": 0.012641652500024065, "Losses/train_all_loss_dice": 0.5036923491741929, "Losses/train_all_loss_iou": 0.3263015837687999, "Losses/train_all_loss_class": 1.9870847906539827e-07, "Losses/train_all_core_loss": 1.0828271756853376, "Trainer/where": 0.024964285714285713, "Trainer/epoch": 0, "Trainer/steps_train": 700}
