{"Losses/train_all_loss": 1.6123426280915738, "Losses/train_all_loss_mask": 0.01801716483430937, "Losses/train_all_loss_dice": 0.766203572973609, "Losses/train_all_loss_iou": 0.48579566087573767, "Losses/train_all_loss_class": 1.0172512830308733e-07, "Losses/train_all_core_loss": 1.6123426280915738, "Trainer/where": 0.02475, "Trainer/epoch": 0, "Trainer/steps_train": 100}
{"Losses/train_all_loss": 1.3149421408772468, "Losses/train_all_loss_mask": 0.013827893463894726, "Losses/train_all_loss_dice": 0.6422437993437051, "Losses/train_all_loss_iou": 0.39614017710089683, "Losses/train_all_loss_class": 3.0278873019540243e-07, "Losses/train_all_core_loss": 1.3149421408772468, "Trainer/where": 0.04975, "Trainer/epoch": 1, "Trainer/steps_train": 200}
{"Losses/train_all_loss": 1.3640920257568359, "Losses/train_all_loss_mask": 0.014148819785332308, "Losses/train_all_loss_dice": 0.6692620547115803, "Losses/train_all_loss_iou": 0.41185357604175804, "Losses/train_all_loss_class": 1.430511176181426e-08, "Losses/train_all_core_loss": 1.3640920257568359, "Trainer/where": 0.07475000000000001, "Trainer/epoch": 2, "Trainer/steps_train": 300}
{"Losses/train_all_loss": 1.3792920246720315, "Losses/train_all_loss_mask": 0.014625280545442366, "Losses/train_all_loss_dice": 0.6590578991919755, "Losses/train_all_loss_iou": 0.4277284413576126, "Losses/train_all_loss_class": 7.828064596537843e-08, "Losses/train_all_core_loss": 1.3792920246720315, "Trainer/where": 0.09975, "Trainer/epoch": 3, "Trainer/steps_train": 400}
{"Losses/train_all_loss": 1.1296328112483025, "Losses/train_all_loss_mask": 0.013753569648251869, "Losses/train_all_loss_dice": 0.5322731925547123, "Losses/train_all_loss_iou": 0.3222879336029291, "Losses/train_all_loss_class": 2.944456716136301e-07, "Losses/train_all_core_loss": 1.1296328112483025, "Trainer/where": 0.12475, "Trainer/epoch": 4, "Trainer/steps_train": 500}
{"Losses/train_all_loss": 1.0514441844820976, "Losses/train_all_loss_mask": 0.011735029687406496, "Losses/train_all_loss_dice": 0.501698411628604, "Losses/train_all_loss_iou": 0.3150451678223908, "Losses/train_all_loss_class": 1.5497203378345148e-08, "Losses/train_all_core_loss": 1.0514441844820976, "Trainer/where": 0.14975, "Trainer/epoch": 5, "Trainer/steps_train": 600}
{"Losses/train_all_loss": 3.2385627022385597, "Losses/train_all_loss_mask": 0.047461676395032557, "Losses/train_all_loss_dice": 1.3502115835249424, "Losses/train_all_loss_iou": 0.939116381071508, "Losses/train_all_loss_class": 1.2142820690286272e-06, "Losses/train_all_core_loss": 3.2385627022385597, "Trainer/where": 0.17475000000000002, "Trainer/epoch": 6, "Trainer/steps_train": 700}
{"Losses/train_all_loss": 2.7121699914336204, "Losses/train_all_loss_mask": 0.03393961136462167, "Losses/train_all_loss_dice": 1.2396769742667675, "Losses/train_all_loss_iou": 0.7936966040730477, "Losses/train_all_loss_class": 4.1972851613536476e-06, "Losses/train_all_core_loss": 2.7121699914336204, "Trainer/where": 0.19975, "Trainer/epoch": 7, "Trainer/steps_train": 800}
{"Losses/train_all_loss": 2.4840800631046296, "Losses/train_all_loss_mask": 0.030748206243151797, "Losses/train_all_loss_dice": 1.0941738560795784, "Losses/train_all_loss_iou": 0.7749420876801014, "Losses/train_all_loss_class": 0.0, "Losses/train_all_core_loss": 2.4840800631046296, "Trainer/where": 0.22475, "Trainer/epoch": 8, "Trainer/steps_train": 900}
{"Losses/train_all_loss": 2.561145223379135, "Losses/train_all_loss_mask": 0.03136059800279327, "Losses/train_all_loss_dice": 1.129614834934473, "Losses/train_all_loss_iou": 0.8043184223771095, "Losses/train_all_loss_class": 0.0, "Losses/train_all_core_loss": 2.561145223379135, "Trainer/where": 0.24975, "Trainer/epoch": 9, "Trainer/steps_train": 1000}
{"Losses/train_all_loss": 2.0372874942421912, "Losses/train_all_loss_mask": 0.022899371642852204, "Losses/train_all_loss_dice": 0.9491356678307057, "Losses/train_all_loss_iou": 0.6301643927395344, "Losses/train_all_loss_class": 0.0, "Losses/train_all_core_loss": 2.0372874942421912, "Trainer/where": 0.27475, "Trainer/epoch": 10, "Trainer/steps_train": 1100}
{"Losses/train_all_loss": 2.4276029336452485, "Losses/train_all_loss_mask": 0.03301255288301036, "Losses/train_all_loss_dice": 1.0345668071508407, "Losses/train_all_loss_iou": 0.7327850875258446, "Losses/train_all_loss_class": 0.0, "Losses/train_all_core_loss": 2.4276029336452485, "Trainer/where": 0.29975, "Trainer/epoch": 11, "Trainer/steps_train": 1200}
{"Losses/train_all_loss": 2.255297081172466, "Losses/train_all_loss_mask": 0.028214643208775668, "Losses/train_all_loss_dice": 0.975224097520113, "Losses/train_all_loss_iou": 0.7157801142334939, "Losses/train_all_loss_class": 0.0, "Losses/train_all_core_loss": 2.255297081172466, "Trainer/where": 0.32475, "Trainer/epoch": 12, "Trainer/steps_train": 1300}
{"Losses/train_all_loss": 2.243347838819027, "Losses/train_all_loss_mask": 0.029626980863977224, "Losses/train_all_loss_dice": 0.9594573737680911, "Losses/train_all_loss_iou": 0.691350819915533, "Losses/train_all_loss_class": 3.5762776917636076e-09, "Losses/train_all_core_loss": 2.243347838819027, "Trainer/where": 0.34975, "Trainer/epoch": 13, "Trainer/steps_train": 1400}
{"Losses/train_all_loss": 1.9078632137179374, "Losses/train_all_loss_mask": 0.02205201082630083, "Losses/train_all_loss_dice": 0.8693781884014606, "Losses/train_all_loss_iou": 0.5974448063969612, "Losses/train_all_loss_class": 0.0, "Losses/train_all_core_loss": 1.9078632137179374, "Trainer/where": 0.37475, "Trainer/epoch": 14, "Trainer/steps_train": 1500}
{"Losses/train_all_loss": 1.7836733731627463, "Losses/train_all_loss_mask": 0.021467301044613123, "Losses/train_all_loss_dice": 0.7745333701372147, "Losses/train_all_loss_iou": 0.5797939261049032, "Losses/train_all_loss_class": 5.4041439838670156e-08, "Losses/train_all_core_loss": 1.7836733731627463, "Trainer/where": 0.39975, "Trainer/epoch": 15, "Trainer/steps_train": 1600}
{"Losses/train_all_loss": 2.080896754562855, "Losses/train_all_loss_mask": 0.026809468930587173, "Losses/train_all_loss_dice": 0.9073693984746933, "Losses/train_all_loss_iou": 0.6373379685729742, "Losses/train_all_loss_class": 1.907347702001516e-08, "Losses/train_all_core_loss": 2.080896754562855, "Trainer/where": 0.42474999999999996, "Trainer/epoch": 16, "Trainer/steps_train": 1700}
{"Losses/train_all_loss": 1.7194021260738372, "Losses/train_all_loss_mask": 0.021633355466183276, "Losses/train_all_loss_dice": 0.7731385438144207, "Losses/train_all_loss_iou": 0.5135964626818895, "Losses/train_all_loss_class": 3.9736427481784633e-10, "Losses/train_all_core_loss": 1.7194021260738372, "Trainer/where": 0.44975, "Trainer/epoch": 17, "Trainer/steps_train": 1800}
{"Losses/train_all_loss": 1.9405434355139732, "Losses/train_all_loss_mask": 0.02623669113847427, "Losses/train_all_loss_dice": 0.8315213650465012, "Losses/train_all_loss_iou": 0.5842882303521038, "Losses/train_all_loss_class": 9.934103815112394e-09, "Losses/train_all_core_loss": 1.9405434355139732, "Trainer/where": 0.47474999999999995, "Trainer/epoch": 18, "Trainer/steps_train": 1900}
{"Losses/train_all_loss": 1.599940935522318, "Losses/train_all_loss_mask": 0.020155615718103946, "Losses/train_all_loss_dice": 0.7139778763800859, "Losses/train_all_loss_iou": 0.48285072766244413, "Losses/train_all_loss_class": 7.947285496356927e-10, "Losses/train_all_core_loss": 1.599940935522318, "Trainer/where": 0.49974999999999997, "Trainer/epoch": 19, "Trainer/steps_train": 2000}
{"Losses/train_all_loss": 1.7716345793008805, "Losses/train_all_loss_mask": 0.024076415341114626, "Losses/train_all_loss_dice": 0.7736441504955291, "Losses/train_all_loss_iou": 0.5164621210843324, "Losses/train_all_loss_class": 1.1920928244535389e-09, "Losses/train_all_core_loss": 1.7716345793008805, "Trainer/where": 0.5247499999999999, "Trainer/epoch": 20, "Trainer/steps_train": 2100}
{"Losses/train_all_loss": 1.8241157004237174, "Losses/train_all_loss_mask": 0.02367809650953859, "Losses/train_all_loss_dice": 0.7968268804252148,